<?xml version="1.0"?>                                                           
<andro id="androguard demo1">
   
   <protect_names type="field">
      <except class="DES" name="x" descriptor="."/>
   </protect_names>
   
   <method class="DES" name="desFunc" descriptor=".">
      <protect_vm_integer>
         <protect_vm_integer_type>VM_INT_BASIC_MATH_FORMULA</protect_vm_integer_type>
      </protect_vm_integer>

      <watermark type="WM_CREATE_R">
         <output>AUTO</output>
      </watermark>
   </method>

</andro>
